contactID|bodyID|body_detailed_short_concatenated|bodyposition|category
2090|95|Subsidiary Bodies Reference Group Gender and Humanitarian Action|Co-Chair|
2091|95|Subsidiary Bodies Reference Group Gender and Humanitarian Action|Co-Chair|
2050|95|Subsidiary Bodies Reference Group Gender and Humanitarian Action|Co-Chair|
2051|95|Subsidiary Bodies Reference Group Gender and Humanitarian Action|Co-Chair|
1368|94|Subsidiary Bodies Task Team Protection in Humanitarian Crises|Co-Chair|
2092|94|Subsidiary Bodies Task Team Protection in Humanitarian Crises|Co-Chair|
1506|93|Subsidiary Bodies Task Team Revitalizing Principled Humanitarian Action|Co-Chair|
857|92|Subsidiary Bodies Task Team Preparedness and Resilience|Co-Chair|
1997|92|Subsidiary Bodies Task Team Preparedness and Resilience|Co-Chair|
1866|91|Subsidiary Bodies Task Team Humanitarian Financing|Co-Chair|
2075|91|Subsidiary Bodies Task Team Humanitarian Financing|Co-Chair|
2096|91|Subsidiary Bodies Task Team Humanitarian Financing|Contact|
2093|91|Subsidiary Bodies Task Team Humanitarian Financing|Contact|
2094|90|Subsidiary Bodies Task Team AAP/PSEA|Co-Chair|
2098|90|Subsidiary Bodies Task Team AAP/PSEA|Co-Chair|
2042|89|Subsidiary Bodies Task Force AAP|Co-Chair|
1802|89|Subsidiary Bodies Task Force AAP|Co-Chair|
2021|88|Working Group Group Champions and SWG Co-Chairs|Member|
1506|86|Subsidiary Bodies Task Force Humanitarian Space and Civil Military Relations|Co-Chair|
2069|86|Subsidiary Bodies Task Force Humanitarian Space and Civil Military Relations|Co-Chair|
2068|84|Subsidiary Bodies Task Force PSEA|Co-Chair|
2002|84|Subsidiary Bodies Task Force PSEA|Co-Chair|
2004|84|Subsidiary Bodies Task Force PSEA|Co-Chair|
2094|84|Subsidiary Bodies Task Force PSEA|Co-Chair|
1895|83|Subsidiary Bodies Sub-Working Group Sub-Working Group on the Cluster Approach|Co-Chair|
1641|83|Subsidiary Bodies Sub-Working Group Sub-Working Group on the Cluster Approach|Co-Chair|
1928|82|Subsidiary Bodies Task Force Steering Group on Security|Co-Chair|
2096|79|Subsidiary Bodies Sub-Working Group Humanitarian Financing|Contact|
1866|79|Subsidiary Bodies Sub-Working Group Humanitarian Financing|Co-Chair|
2075|79|Subsidiary Bodies Sub-Working Group Humanitarian Financing|Co-Chair|
573|77|Subsidiary Bodies IASC Sub-Working Group Leadership and Humanitarian Coordination|Chair|
1869|76|Subsidiary Bodies Task Force Climate Change|Contact|
1756|74|Subsidiary Bodies Reference Group Humanitarian Challenges in Urban Areas|Chair|
1105|73|Subsidiary Bodies Task Force Information Management|Member|
1287|73|Subsidiary Bodies Task Force Information Management|Member|
1016|73|Subsidiary Bodies Task Force Information Management|Chair|
35|72|Subsidiary Bodies Reference Group Psychosocial Support|Member|
1373|72|Subsidiary Bodies Reference Group Psychosocial Support|Member|
2058|72|Subsidiary Bodies Reference Group Psychosocial Support|Co-Chair|
2059|72|Subsidiary Bodies Reference Group Psychosocial Support|Co-Chair|
1248|70|Subsidiary Bodies Reference Group Human Rights|Chair|NULL
570|67|Subsidiary Bodies Task Force Safe Access to Firewood & Alternative Energy|Co-Chair|NULL
745|67|Subsidiary Bodies Task Force Safe Access to Firewood & Alternative Energy|Co-Chair|NULL
1261|67|Subsidiary Bodies Task Force Safe Access to Firewood & Alternative Energy|Co-Chair|NULL
1875|66|Subsidiary Bodies Task Force HIV in Humanitarian Situations|Co-Chair|
1923|66|Subsidiary Bodies Task Force HIV in Humanitarian Situations|Co-Chair|
896|63|Subsidiary Bodies Task Force Lebanon Crisis|NULL|NULL
938|63|Subsidiary Bodies Task Force Lebanon Crisis|NULL|NULL
253|63|Subsidiary Bodies Task Force Lebanon Crisis|NULL|NULL
1605|58|Other|Contact|
79|57|Other ECHA|Secondary Member|NULL
214|57|Other ECHA|Contact|NULL
653|57|Other ECHA|Contact|NULL
85|57|Other ECHA|Contact|NULL
484|57|Other ECHA|Contact|NULL
206|57|Other ECHA|Contact|NULL
775|57|Other ECHA|Member|NULL
15|57|Other ECHA|Member|NULL
470|57|Other ECHA|Member|NULL
788|57|Other ECHA|Member|NULL
789|57|Other ECHA|Member|NULL
836|57|Other ECHA|Contact|NULL
635|56|Other Senior Managers|Member|NULL
630|56|Other Senior Managers|Member|NULL
673|56|Other Senior Managers|Member|NULL
209|56|Other Senior Managers|Contact|NULL
679|56|Other Senior Managers|Member|NULL
486|56|Other Senior Managers|Member|NULL
674|56|Other Senior Managers|Member|NULL
79|56|Other Senior Managers|Member|NULL
663|53|Other Heads of Agencies|Member|UN
379|53|Other Heads of Agencies|Member|Non-UN
454|53|Other Heads of Agencies|Member|Non-UN
401|53|Other Heads of Agencies|Member|Non-UN
459|53|Other Heads of Agencies|Member|UN
463|53|Other Heads of Agencies|Member|Non-UN
464|53|Other Heads of Agencies|Member|Non-UN
388|53|Other Heads of Agencies|Member|UN
15|53|Other Heads of Agencies|Member|UN
470|53|Other Heads of Agencies|Member|UN
402|53|Other Heads of Agencies|Member|Non-UN
381|53|Other Heads of Agencies|Member|Non-UN
393|53|Other Heads of Agencies|Member|UN
386|53|Other Heads of Agencies|Member|UN
383|53|Other Heads of Agencies|Member|Non-UN
390|53|Other Heads of Agencies|Member|UN
343|53|Other Heads of Agencies|Member|Donor
395|53|Other Heads of Agencies|Member|UN
400|53|Other Heads of Agencies|Member|Non-UN
997|53|Other Heads of Agencies|Member|Non-UN
926|49|Weekly New York|Member|NULL
1110|49|Weekly New York|Member|NULL
2070|49|Weekly New York|Focal Point|
937|41|Working Group Working Group Water and Sanitation|Co-Chair|NULL
662|41|Working Group Working Group Water and Sanitation|Member|NULL
268|41|Working Group Working Group Water and Sanitation|Chair|NULL
438|41|Working Group Working Group Water and Sanitation|Member|NULL
529|41|Working Group Working Group Water and Sanitation|Member|NULL
530|41|Working Group Working Group Water and Sanitation|Member|NULL
531|41|Working Group Working Group Water and Sanitation|Member|NULL
532|41|Working Group Working Group Water and Sanitation|Member|NULL
533|41|Working Group Working Group Water and Sanitation|Member|NULL
534|41|Working Group Working Group Water and Sanitation|Member|NULL
535|41|Working Group Working Group Water and Sanitation|NULL|NULL
78|41|Working Group Working Group Water and Sanitation|Secondary Member|NULL
536|41|Working Group Working Group Water and Sanitation|Secondary Member|NULL
538|41|Working Group Working Group Water and Sanitation|Secondary Member|NULL
539|41|Working Group Working Group Water and Sanitation|Secondary Member|NULL
313|41|Working Group Working Group Water and Sanitation|Secondary Member|OCHA Focal Point
540|41|Working Group Working Group Water and Sanitation|Secondary Member|OCHA Focal Point
905|31|Subsidiary Bodies Contact Group Good Humanitarian Donorship|Chair|
1088|29|Working Group Working Group Protection|Member|NULL
495|29|Working Group Working Group Protection|Chair|NULL
581|29|Working Group Working Group Protection|NULL|NULL
577|29|Working Group Working Group Protection|Member|NULL
355|29|Working Group Working Group Protection|Member|NULL
163|29|Working Group Working Group Protection|Member|NULL
310|29|Working Group Working Group Protection|Member|OCHA Focal Point
570|29|Working Group Working Group Protection|Member|NULL
538|29|Working Group Working Group Protection|Secondary Member|NULL
78|29|Working Group Working Group Protection|Secondary Member|NULL
536|29|Working Group Working Group Protection|Secondary Member|NULL
583|29|Working Group Working Group Protection|Member|NULL
584|29|Working Group Working Group Protection|Member|NULL
585|29|Working Group Working Group Protection|Member|NULL
586|29|Working Group Working Group Protection|Member|NULL
587|29|Working Group Working Group Protection|Member|NULL
588|29|Working Group Working Group Protection|Member|NULL
864|29|Working Group Working Group Protection|Member|NULL
564|28|Working Group Working Group Early Recovery|Member|NULL
565|28|Working Group Working Group Early Recovery|Member|NULL
153|28|Working Group Working Group Early Recovery|Member|NULL
365|28|Working Group Working Group Early Recovery|Member|NULL
538|28|Working Group Working Group Early Recovery|Member|NULL
78|28|Working Group Working Group Early Recovery|Secondary Member|NULL
536|28|Working Group Working Group Early Recovery|Secondary Member|NULL
567|28|Working Group Working Group Early Recovery|Member|OCHA Focal Point
77|28|Working Group Working Group Early Recovery|Member|NULL
24|28|Working Group Working Group Early Recovery|Member|NULL
570|28|Working Group Working Group Early Recovery|Member|NULL
571|28|Working Group Working Group Early Recovery|Member|NULL
553|28|Working Group Working Group Early Recovery|Member|NULL
572|28|Working Group Working Group Early Recovery|Member|NULL
573|28|Working Group Working Group Early Recovery|Member|OCHA Focal Point
528|28|Working Group Working Group Early Recovery|Co-Chair|NULL
522|27|Working Group Working Group Emergency Shelter|Member|NULL
258|27|Working Group Working Group Emergency Shelter|Member|NULL
411|27|Working Group Working Group Emergency Shelter|Member|NULL
560|27|Working Group Working Group Emergency Shelter|Member|NULL
538|27|Working Group Working Group Emergency Shelter|Secondary Member|NULL
563|27|Working Group Working Group Emergency Shelter|Member|NULL
83|27|Working Group Working Group Emergency Shelter|Member|NULL
78|27|Working Group Working Group Emergency Shelter|Member|NULL
536|27|Working Group Working Group Emergency Shelter|Member|NULL
493|27|Working Group Working Group Emergency Shelter|Co-Chair|NULL
554|27|Working Group Working Group Emergency Shelter|Member|NULL
555|27|Working Group Working Group Emergency Shelter|Member|NULL
1018|27|Working Group Working Group Emergency Shelter|Member|NULL
1035|27|Working Group Working Group Emergency Shelter|Co-Chair|NULL
993|26|Working Group Working Group Logistics|Member|NULL
994|26|Working Group Working Group Logistics|Member|NULL
602|26|Working Group Working Group Logistics|Chair|NULL
552|26|Working Group Working Group Logistics|Member|NULL
553|26|Working Group Working Group Logistics|Member|NULL
554|26|Working Group Working Group Logistics|Member|OCHA Focal Point
555|26|Working Group Working Group Logistics|Member|OCHA Focal Point
556|26|Working Group Working Group Logistics|Member|NULL
557|26|Working Group Working Group Logistics|Member|NULL
558|26|Working Group Working Group Logistics|Member|NULL
559|26|Working Group Working Group Logistics|Member|NULL
78|26|Working Group Working Group Logistics|Secondary Member|NULL
536|26|Working Group Working Group Logistics|Secondary Member|NULL
538|26|Working Group Working Group Logistics|Secondary Member|NULL
560|26|Working Group Working Group Logistics|Member|NULL
561|26|Working Group Working Group Logistics|Member|NULL
562|26|Working Group Working Group Logistics|Member|NULL
563|26|Working Group Working Group Logistics|Member|NULL
83|26|Working Group Working Group Logistics|Member|NULL
492|25|Working Group Working Group Camp Coordination and Management|Focal Point|NULL
575|25|Working Group Working Group Camp Coordination and Management|Member|NULL
577|25|Working Group Working Group Camp Coordination and Management|Member|NULL
281|25|Working Group Working Group Camp Coordination and Management|Co-Chair|NULL
355|25|Working Group Working Group Camp Coordination and Management|Co-Chair|NULL
553|25|Working Group Working Group Camp Coordination and Management|Member|NULL
451|25|Working Group Working Group Camp Coordination and Management|Member|NULL
578|25|Working Group Working Group Camp Coordination and Management|Member|NULL
24|25|Working Group Working Group Camp Coordination and Management|Member|NULL
78|25|Working Group Working Group Camp Coordination and Management|Secondary Member|NULL
536|25|Working Group Working Group Camp Coordination and Management|Secondary Member|NULL
419|25|Working Group Working Group Camp Coordination and Management|Member|NULL
538|25|Working Group Working Group Camp Coordination and Management|Secondary Member|NULL
580|25|Working Group Working Group Camp Coordination and Management|Member|NULL
833|25|Working Group Working Group Camp Coordination and Management|Member|NULL
1012|25|Working Group Working Group Camp Coordination and Management|Member|NULL
1063|25|Working Group Working Group Camp Coordination and Management|Member|NULL
1057|24|Working Group Working Group Emergency Telecommunications|Member|NULL
593|24|Working Group Working Group Emergency Telecommunications|Chair|NULL
278|24|Working Group Working Group Emergency Telecommunications|Member|OCHA Focal Point
31|24|Working Group Working Group Emergency Telecommunications|Member|NULL
78|24|Working Group Working Group Emergency Telecommunications|Secondary Member|NULL
536|24|Working Group Working Group Emergency Telecommunications|Secondary Member|NULL
538|24|Working Group Working Group Emergency Telecommunications|Secondary Member|NULL
594|24|Working Group Working Group Emergency Telecommunications|Member|NULL
595|24|Working Group Working Group Emergency Telecommunications|Member|NULL
596|24|Working Group Working Group Emergency Telecommunications|Member|NULL
597|24|Working Group Working Group Emergency Telecommunications|Member|NULL
598|24|Working Group Working Group Emergency Telecommunications|Member|NULL
599|24|Working Group Working Group Emergency Telecommunications|Member|NULL
589|23|Working Group Working Group Nutrition|Member|NULL
88|23|Working Group Working Group Nutrition|Member|NULL
590|23|Working Group Working Group Nutrition|NULL|NULL
591|23|Working Group Working Group Nutrition|Member|NULL
592|23|Working Group Working Group Nutrition|Member|NULL
564|23|Working Group Working Group Nutrition|Member|NULL
352|23|Working Group Working Group Nutrition|Member|NULL
546|23|Working Group Working Group Nutrition|Member|NULL
78|23|Working Group Working Group Nutrition|Secondary Member|NULL
536|23|Working Group Working Group Nutrition|Secondary Member|NULL
542|23|Working Group Working Group Nutrition|Member|OCHA Focal Point
540|23|Working Group Working Group Nutrition|Member|OCHA Focal Point
88|23|Working Group Working Group Nutrition|Member|NULL
538|23|Working Group Working Group Nutrition|Secondary Member|NULL
529|23|Working Group Working Group Nutrition|Member|NULL
539|23|Working Group Working Group Nutrition|Member|NULL
1089|23|Working Group Working Group Nutrition|Chair|NULL
284|21|Weekly Geneva|Member|NULL
1128|21|Weekly Geneva|Member|NULL
1138|21|Weekly Geneva|Member|NULL
63|21|Weekly Geneva|Member|UN
1172|21|Weekly Geneva|Member|UN
1177|21|Weekly Geneva|Member|NULL
1250|21|Weekly Geneva|Member|NULL
1251|21|Weekly Geneva|Member|NULL
1252|21|Weekly Geneva|Member|NULL
1253|21|Weekly Geneva|members|NULL
1257|21|Weekly Geneva|Member|NULL
1258|21|Weekly Geneva|Member|NULL
73|21|Weekly Geneva|Member|NULL
1182|21|Weekly Geneva|Member|NULL
1105|21|Weekly Geneva|Member|NULL
1145|21|Weekly Geneva|NULL|NULL
1223|21|Weekly Geneva|NULL|NULL
1127|21|Weekly Geneva|Member|NULL
998|21|Weekly Geneva|Member|NULL
870|21|Weekly Geneva|Member|NULL
1202|21|Weekly Geneva|NULL|NULL
418|21|Weekly Geneva|NULL|NULL
278|21|Weekly Geneva|NULL|NULL
1102|21|Weekly Geneva|NULL|NULL
1170|21|Weekly Geneva|Member|NULL
1143|21|Weekly Geneva|NULL|NULL
999|21|Weekly Geneva|Member|NULL
1009|21|Weekly Geneva|Member|NULL
1236|21|Weekly Geneva|Member|NULL
1081|21|Weekly Geneva|Member|NULL
1082|21|Weekly Geneva|Member|NULL
1237|21|Weekly Geneva|Member|NULL
945|21|Weekly Geneva|Member|NULL
1240|21|Weekly Geneva|Member|NULL
1241|21|Weekly Geneva|Member|NULL
1266|21|Weekly Geneva|NULL|NULL
1268|21|Weekly Geneva|NULL|NULL
1270|21|Weekly Geneva|Member|NULL
1271|21|Weekly Geneva|Member|NULL
1272|21|Weekly Geneva|Member|NULL
1273|21|Weekly Geneva|NULL|NULL
1274|21|Weekly Geneva|NULL|NULL
1275|21|Weekly Geneva|NULL|NULL
1276|21|Weekly Geneva|NULL|NULL
896|21|Weekly Geneva|NULL|NULL
838|21|Weekly Geneva|NULL|NULL
1290|21|Weekly Geneva|NULL|NULL
1324|21|Weekly Geneva|Member|NULL
1325|21|Weekly Geneva|Member|NULL
1326|21|Weekly Geneva|Member|NULL
1153|21|Weekly Geneva|Member|NULL
1328|21|Weekly Geneva|Member|NULL
688|21|Weekly Geneva|Member|NULL
1319|21|Weekly Geneva|Member|NULL
1296|21|Weekly Geneva|Member|NULL
738|21|Weekly Geneva|Member|NULL
1244|21|Weekly Geneva|Member|NULL
1245|21|Weekly Geneva|Member|NULL
934|21|Weekly Geneva|NULL|NULL
1144|21|Weekly Geneva|Member|NULL
1246|21|Weekly Geneva|Member|NULL
1247|21|Weekly Geneva|NULL|NULL
1333|21|Weekly Geneva|Member|NULL
1022|21|Weekly Geneva|Member|NULL
1353|21|Weekly Geneva|Member|NULL
1107|21|Weekly Geneva|Member|NULL
1298|21|Weekly Geneva|Member|NULL
498|21|Weekly Geneva|Member|NULL
1062|21|Weekly Geneva|Member|NULL
1368|21|Weekly Geneva|Member|NULL
1492|21|Weekly Geneva|Member|NULL
1493|21|Weekly Geneva|Member|NULL
1379|21|Weekly Geneva|Member|NULL
1380|21|Weekly Geneva|Member|NULL
1259|21|Weekly Geneva|Member|NULL
877|21|Weekly Geneva|NULL|NULL
1033|21|Weekly Geneva|Member|NULL
1412|21|Weekly Geneva|Member|NULL
1338|21|Weekly Geneva|Member|NULL
1414|21|Weekly Geneva|Member|NULL
1419|21|Weekly Geneva|Member|NULL
1418|21|Weekly Geneva|Member|NULL
1365|21|Weekly Geneva|Member|NULL
1423|21|Weekly Geneva|Member|NULL
1031|21|Weekly Geneva|Member|NULL
1499|21|Weekly Geneva|Member|NULL
1501|21|Weekly Geneva|Member|NULL
1502|21|Weekly Geneva|Member|NULL
1503|21|Weekly Geneva|Member|NULL
1357|21|Weekly Geneva|Member|NULL
1509|21|Weekly Geneva|Member|NULL
1510|21|Weekly Geneva|Member|NULL
1512|21|Weekly Geneva|Member|NULL
1513|21|Weekly Geneva|Member|NULL
1516|21|Weekly Geneva|Member|NULL
1517|21|Weekly Geneva|Member|NULL
1519|21|Weekly Geneva|Member|NULL
1520|21|Weekly Geneva|Member|NULL
1521|21|Weekly Geneva|NULL|NULL
1522|21|Weekly Geneva|Member|NULL
1523|21|Weekly Geneva|Member|NULL
1525|21|Weekly Geneva|Member|NULL
1526|21|Weekly Geneva|Member|NULL
1527|21|Weekly Geneva|Member|NULL
1441|21|Weekly Geneva|Member|NULL
1442|21|Weekly Geneva|Member|NULL
1446|21|Weekly Geneva|members|NULL
1447|21|Weekly Geneva|members|NULL
1448|21|Weekly Geneva|members|NULL
1449|21|Weekly Geneva|members|NULL
1425|21|Weekly Geneva|members|NULL
1453|21|Weekly Geneva|Member|NULL
1454|21|Weekly Geneva|members|Non-UN
1456|21|Weekly Geneva|members|NULL
1404|21|Weekly Geneva|members|NULL
1424|21|Weekly Geneva|members|NULL
1458|21|Weekly Geneva|members|NULL
1463|21|Weekly Geneva|members|NULL
1464|21|Weekly Geneva|members|NULL
1468|21|Weekly Geneva|members|NULL
1469|21|Weekly Geneva|members|NULL
1470|21|Weekly Geneva|members|NULL
1220|21|Weekly Geneva|members|NULL
1471|21|Weekly Geneva|Member|NULL
1473|21|Weekly Geneva|Member|NULL
1474|21|Weekly Geneva|Member|NULL
1476|21|Weekly Geneva|Member|NULL
1477|21|Weekly Geneva|Member|NULL
1478|21|Weekly Geneva|Member|NULL
1088|21|Weekly Geneva|Member|NULL
1479|21|Weekly Geneva|Member|NULL
1480|21|Weekly Geneva|Member|NULL
1482|21|Weekly Geneva|Member|NULL
1484|21|Weekly Geneva|Member|NULL
1486|21|Weekly Geneva|Member|NULL
1487|21|Weekly Geneva|Member|NULL
1488|21|Weekly Geneva|Member|NULL
1683|21|Weekly Geneva|Member|
1684|21|Weekly Geneva|Member|
1685|21|Weekly Geneva|Member|
1210|21|Weekly Geneva|Member|
1687|21|Weekly Geneva|Member|
1118|21|Weekly Geneva|Member|
1689|21|Weekly Geneva|Member|
1690|21|Weekly Geneva|Member|
1691|21|Weekly Geneva|Member|
1692|21|Weekly Geneva|Member|
1028|21|Weekly Geneva|Member|
1375|21|Weekly Geneva|Member|
1697|21|Weekly Geneva|Member|
1699|21|Weekly Geneva|Member|NULL
1700|21|Weekly Geneva|Member|
1702|21|Weekly Geneva|Member|
1703|21|Weekly Geneva|Member|
1704|21|Weekly Geneva|Member|
1705|21|Weekly Geneva|Member|
1707|21|Weekly Geneva|Member|
1709|21|Weekly Geneva|Member|
1710|21|Weekly Geneva|Member|
1711|21|Weekly Geneva|Member|
1712|21|Weekly Geneva|Member|
1713|21|Weekly Geneva|Member|
1714|21|Weekly Geneva|Member|
1715|21|Weekly Geneva|Member|
1717|21|Weekly Geneva|Member|
1718|21|Weekly Geneva|Member|
1719|21|Weekly Geneva|Member|
1720|21|Weekly Geneva|Focal Point|
1723|21|Weekly Geneva|Member|
1642|21|Weekly Geneva|Member|
1643|21|Weekly Geneva|Member|
1644|21|Weekly Geneva|Member|
1645|21|Weekly Geneva|Member|
1646|21|Weekly Geneva|Member|
1647|21|Weekly Geneva|Member|
1649|21|Weekly Geneva|Member|
1648|21|Weekly Geneva|Member|
1652|21|Weekly Geneva|Member|
1653|21|Weekly Geneva|Member|
1654|21|Weekly Geneva|Member|
1730|21|Weekly Geneva|Member|
1731|21|Weekly Geneva|Member|
1732|21|Weekly Geneva|Member|
1733|21|Weekly Geneva|Member|
1734|21|Weekly Geneva|Member|
1736|21|Weekly Geneva|Member|
1737|21|Weekly Geneva|Member|
1738|21|Weekly Geneva|Member|
1739|21|Weekly Geneva|Member|NULL
1632|21|Weekly Geneva|Member|
1633|21|Weekly Geneva|Member|
753|21|Weekly Geneva|Info|
1314|21|Weekly Geneva|Member|
1616|21|Weekly Geneva|Member|
1638|21|Weekly Geneva|Member|
1762|21|Weekly Geneva|Member|
1657|21|Weekly Geneva|Member|NULL
1607|21|Weekly Geneva|Member|
1613|21|Weekly Geneva|Member|
1624|21|Weekly Geneva|Member|NULL
1604|21|Weekly Geneva|Member|
1539|21|Weekly Geneva|Member|NULL
1542|21|Weekly Geneva|Member|NULL
1543|21|Weekly Geneva|Member|NULL
1545|21|Weekly Geneva|Member|NULL
1546|21|Weekly Geneva|Member|NULL
1547|21|Weekly Geneva|Member|NULL
1597|21|Weekly Geneva|Member|NULL
1598|21|Weekly Geneva|Member|NULL
1600|21|Weekly Geneva|Member|NULL
1601|21|Weekly Geneva|Member|NULL
1602|21|Weekly Geneva|Member|NULL
1603|21|Weekly Geneva|Member|NULL
1658|21|Weekly Geneva|Member|
1659|21|Weekly Geneva|Member|
1660|21|Weekly Geneva|Member|
1661|21|Weekly Geneva|Member|
1662|21|Weekly Geneva|Member|
1663|21|Weekly Geneva|Member|
1664|21|Weekly Geneva|Member|
1666|21|Weekly Geneva|Member|
1667|21|Weekly Geneva|Member|
1668|21|Weekly Geneva|Member|
1671|21|Weekly Geneva|Member|
1672|21|Weekly Geneva|Member|
1674|21|Weekly Geneva|Member|
1675|21|Weekly Geneva|Member|
1676|21|Weekly Geneva|Member|
1678|21|Weekly Geneva|Member|
1679|21|Weekly Geneva|Member|
1669|21|Weekly Geneva|Member|
1356|21|Weekly Geneva|Member|NULL
1553|21|Weekly Geneva|Member|NULL
1554|21|Weekly Geneva|Member|NULL
1556|21|Weekly Geneva|Member|NULL
1557|21|Weekly Geneva|Member|NULL
1558|21|Weekly Geneva|Member|NULL
1560|21|Weekly Geneva|Member|NULL
1562|21|Weekly Geneva|Member|NULL
1563|21|Weekly Geneva|Member|NULL
1564|21|Weekly Geneva|Member|NULL
1565|21|Weekly Geneva|Member|NULL
1566|21|Weekly Geneva|Member|NULL
1135|21|Weekly Geneva|Member|NULL
1567|21|Weekly Geneva|Member|NULL
1568|21|Weekly Geneva|Member|NULL
1570|21|Weekly Geneva|Member|NULL
1571|21|Weekly Geneva|Member|NULL
1572|21|Weekly Geneva|Member|NULL
1573|21|Weekly Geneva|Member|NULL
1574|21|Weekly Geneva|Member|NULL
1087|21|Weekly Geneva|Member|NULL
1531|21|Weekly Geneva|Member|NULL
1532|21|Weekly Geneva|Member|NULL
1528|21|Weekly Geneva|Member|NULL
1579|21|Weekly Geneva|Member|Geneva
1584|21|Weekly Geneva|Member|NULL
1585|21|Weekly Geneva|members|NULL
1589|21|Weekly Geneva|Member|NULL
1590|21|Weekly Geneva|Member|NULL
1591|21|Weekly Geneva|Member|NULL
1592|21|Weekly Geneva|Member|NULL
1583|21|Weekly Geneva|Member|NULL
1593|21|Weekly Geneva|Member|NULL
1594|21|Weekly Geneva|Member|NULL
194|21|Weekly Geneva|Member|
193|21|Weekly Geneva|Member|Geneva
203|21|Weekly Geneva|Member|Geneva
1034|21|Weekly Geneva|Member|NULL
860|21|Weekly Geneva|Member|NULL
1076|21|Weekly Geneva|Member|NULL
1078|21|Weekly Geneva|Member|NULL
515|21|Weekly Geneva|Member|NULL
1086|21|Weekly Geneva|Member|NULL
994|21|Weekly Geneva|Member|NULL
976|21|Weekly Geneva|Member|NULL
1099|21|Weekly Geneva|Member|NULL
723|21|Weekly Geneva|Member|NULL
955|21|Weekly Geneva|Member|NULL
867|21|Weekly Geneva|Member|NULL
963|21|Weekly Geneva|Member|NULL
974|21|Weekly Geneva|Member|NULL
987|21|Weekly Geneva|Member|NULL
435|21|Weekly Geneva|Member|NULL
309|21|Weekly Geneva|Member|NULL
894|21|Weekly Geneva|Member|NULL
895|21|Weekly Geneva|Member|NULL
898|21|Weekly Geneva|Member|NULL
928|21|Weekly Geneva|Member|NULL
933|21|Weekly Geneva|Member|NULL
935|21|Weekly Geneva|Member|NULL
936|21|Weekly Geneva|Member|NULL
451|21|Weekly Geneva|Member|NULL
766|21|Weekly Geneva|Member|NULL
853|21|Weekly Geneva|Member|NULL
670|21|Weekly Geneva|Member|NULL
791|21|Weekly Geneva|Member|NULL
792|21|Weekly Geneva|Member|NULL
813|21|Weekly Geneva|Member|Non-UN
815|21|Weekly Geneva|Member|Non-UN
272|21|Weekly Geneva|Member|NULL
622|21|Weekly Geneva|Member|NULL
658|21|Weekly Geneva|Member|until May 06
270|21|Weekly Geneva|Member|NULL
314|21|Weekly Geneva|Member|NULL
520|21|Weekly Geneva|Member|NULL
275|21|Weekly Geneva|Member|NULL
695|21|Weekly Geneva|Member|NULL
696|21|Weekly Geneva|Member|NULL
425|21|Weekly Geneva|Member|NULL
697|21|Weekly Geneva|Member|NULL
484|21|Weekly Geneva|Member|NULL
443|21|Weekly Geneva|Member|NULL
218|21|Weekly Geneva|Member|NULL
294|21|Weekly Geneva|Member|NULL
189|21|Weekly Geneva|Member|NULL
229|21|Weekly Geneva|Member|NULL
623|21|Weekly Geneva|Member|NULL
313|21|Weekly Geneva|Member|NULL
225|21|Weekly Geneva|Member|NULL
504|21|Weekly Geneva|Member|NULL
357|21|Weekly Geneva|Member|NULL
265|21|Weekly Geneva|Member|NULL
184|21|Weekly Geneva|Member|NULL
354|21|Weekly Geneva|Member|NULL
29|21|Weekly Geneva|Member|NULL
335|21|Weekly Geneva|Member|NULL
376|21|Weekly Geneva|Member|NULL
491|21|Weekly Geneva|Member|NULL
701|21|Weekly Geneva|Member|NULL
702|21|Weekly Geneva|Member|NULL
703|21|Weekly Geneva|Member|NULL
704|21|Weekly Geneva|Member|NULL
222|21|Weekly Geneva|Member|NULL
318|21|Weekly Geneva|Member|NULL
705|21|Weekly Geneva|Member|NULL
432|21|Weekly Geneva|Member|NULL
163|21|Weekly Geneva|Member|NULL
353|21|Weekly Geneva|Member|NULL
342|21|Weekly Geneva|Member|NULL
706|21|Weekly Geneva|Member|NULL
368|21|Weekly Geneva|Member|NULL
709|21|Weekly Geneva|Member|NULL
715|21|Weekly Geneva|Member|NULL
717|21|Weekly Geneva|Member|NULL
727|21|Weekly Geneva|Member|NULL
728|21|Weekly Geneva|Member|NULL
729|21|Weekly Geneva|Member|NULL
731|21|Weekly Geneva|Member|NULL
732|21|Weekly Geneva|Member|NULL
624|21|Weekly Geneva|Member|NULL
733|21|Weekly Geneva|Member|NULL
356|21|Weekly Geneva|Member|NULL
67|21|Weekly Geneva|Focal Point|
2086|21|Weekly Geneva|Member|
857|21|Weekly Geneva|Member|
1973|21|Weekly Geneva|Member|
1874|21|Weekly Geneva|Member|
1880|21|Weekly Geneva|Member|
1871|21|Weekly Geneva|Member|
1872|21|Weekly Geneva|Member|
1873|21|Weekly Geneva|Member|
1885|21|Weekly Geneva|Member|
1892|21|Weekly Geneva|Info|
1893|21|Weekly Geneva|Info|
1859|21|Weekly Geneva|Member|
1860|21|Weekly Geneva|Member|
1861|21|Weekly Geneva|Member|
1862|21|Weekly Geneva|Member|
1863|21|Weekly Geneva|Info|
1864|21|Weekly Geneva|Info|
1865|21|Weekly Geneva|Info|
1866|21|Weekly Geneva|Info|
1867|21|Weekly Geneva|Member|
1771|21|Weekly Geneva|Member|
1845|21|Weekly Geneva|Member|
1846|21|Weekly Geneva|Member|
1851|21|Weekly Geneva|Member|NULL
1779|21|Weekly Geneva|Member|
1756|21|Weekly Geneva|Member|
1767|21|Weekly Geneva|Member|
1769|21|Weekly Geneva|Member|
1798|21|Weekly Geneva|Member|
1799|21|Weekly Geneva|Member|
1800|21|Weekly Geneva|Member|
1801|21|Weekly Geneva|Member|
1773|21|Weekly Geneva|Member|
1774|21|Weekly Geneva|Member|
1775|21|Weekly Geneva|Member|
741|21|Weekly Geneva|Member|
1780|21|Weekly Geneva|Member|
1781|21|Weekly Geneva|Member|
1782|21|Weekly Geneva|Member|
1783|21|Weekly Geneva|Member|
1785|21|Weekly Geneva|Member|
1788|21|Weekly Geneva|Member|
1789|21|Weekly Geneva|Member|
1790|21|Weekly Geneva|Member|
1791|21|Weekly Geneva|Member|
1792|21|Weekly Geneva|Member|
1803|21|Weekly Geneva|Member|
1804|21|Weekly Geneva|Chair|
1807|21|Weekly Geneva|Member|
1808|21|Weekly Geneva|Member|
306|21|Weekly Geneva|Member|
1810|21|Weekly Geneva|Member|
1811|21|Weekly Geneva|Member|
1812|21|Weekly Geneva|Member|
918|21|Weekly Geneva|Member|
1814|21|Weekly Geneva|Member|
1816|21|Weekly Geneva|Member|
1817|21|Weekly Geneva|Member|
1818|21|Weekly Geneva|Member|
1820|21|Weekly Geneva|Member|
1821|21|Weekly Geneva|Member|
1822|21|Weekly Geneva|Member|
1823|21|Weekly Geneva|Member|
269|21|Weekly Geneva|Member|
733|20|Working Group Working Group Health|Co-Chair|NULL
959|20|Working Group Working Group Health|Member|NULL
163|20|Working Group Working Group Health|Member|NULL
542|20|Working Group Working Group Health|Member|OCHA Focal Point
538|20|Working Group Working Group Health|Secondary Member|NULL
543|20|Working Group Working Group Health|Member|NULL
544|20|Working Group Working Group Health|Member|NULL
545|20|Working Group Working Group Health|Member|NULL
546|20|Working Group Working Group Health|Secondary Member|NULL
547|20|Working Group Working Group Health|Member|NULL
548|20|Working Group Working Group Health|Member|NULL
549|20|Working Group Working Group Health|Member|NULL
197|20|Working Group Working Group Health|Secondary Member|NULL
987|19|Other Focal Points|Member|NULL
355|19|Other Focal Points|Member|NULL
1766|19|Other Focal Points|Member|
1433|19|Other Focal Points|Member|NULL
1427|19|Other Focal Points|Member|NULL
1439|19|Other Focal Points|Member|NULL
1294|19|Other Focal Points|Member|NULL
1802|19|Other Focal Points|Member|
1763|19|Other Focal Points|Member|
1868|19|Other Focal Points|Member|
1786|19|Other Focal Points|Member|
1973|19|Other Focal Points|Info|
336|19|Other Focal Points|Info|
1983|19|Other Focal Points|Member|
1984|19|Other Focal Points|Info|
1963|19|Other Focal Points|Member|
2001|19|Other Focal Points|Member|
2006|19|Other Focal Points|Member|
1556|19|Other Focal Points|Member|
1916|19|Other Focal Points|Member|
1380|19|Other Focal Points|Member|
670|19|Other Focal Points|Member|
1755|19|Other Focal Points|Member|
1928|19|Other Focal Points|Member|
2086|19|Other Focal Points|Member|
2087|19|Other Focal Points|Focal Point|
2071|19|Other Focal Points|Member|
2067|19|Other Focal Points|Member|
1641|19|Other Focal Points|Member|
1517|19|Other Focal Points|Member|
2020|19|Other Focal Points|Member|
2025|19|Other Focal Points|Member|
2026|19|Other Focal Points|Member|
2032|19|Other Focal Points|Info|
2024|19|Other Focal Points|Member|
2045|19|Other Focal Points|Member|
1962|19|Other Focal Points|Info|
2047|18|Principals|Info|
2054|18|Principals|Member|
2036|18|Principals|Info|
1212|18|Principals|Info|
1017|18|Principals|Info|
2030|18|Principals|Info|
2031|18|Principals|Info|
1959|18|Principals|Member|
2005|18|Principals|Member|
2016|18|Principals|Info|
2052|18|Principals|Info|
2065|18|Principals|Member|
2056|18|Principals|Info|
2066|18|Principals|Info|
2080|18|Principals|Contact|
2081|18|Principals|Info|
2077|18|Principals|Contact|
2083|18|Principals|Member|
1947|18|Principals|Contact|
1948|18|Principals|Info|
207|18|Principals|Contact|
1951|18|Principals|Info|
1952|18|Principals|Member|
1920|18|Principals|Info|
1913|18|Principals|Chair|
1914|18|Principals|Member|
1938|18|Principals|Member|
1899|18|Principals|Info|
1936|18|Principals|Contact|
1934|18|Principals|Secondary|
1928|18|Principals|Info|
2008|18|Principals|Info|
1917|18|Principals|Member|
2009|18|Principals|Info|
2011|18|Principals|Secondary|
2012|18|Principals|Info|
2013|18|Principals|Info|
2015|18|Principals|Info|
490|18|Principals|Secondary|
1965|18|Principals|Info|
1904|18|Principals|Info|
1964|18|Principals|Secondary|
944|18|Principals|Info|
1884|18|Principals|Member|
1879|18|Principals|Contact|
1901|18|Principals|Member|
1902|18|Principals|Info|
564|18|Principals|Info|
1796|18|Principals|Info|
1868|18|Principals|Info|
1768|18|Principals|Info|
1243|18|Principals|Contact|NULL
1727|18|Principals|Contact|
1745|18|Principals|Contact|
1747|18|Principals|Member|
1756|18|Principals|Info|
1740|18|Principals|Contact|
1724|18|Principals|Contact|
1530|18|Principals|Contact|NULL
1577|18|Principals|Member|NULL
1629|18|Principals|Contact|
761|18|Principals|Contact|NULL
636|18|Principals|Contact|NULL
997|18|Principals|Member|NULL
1058|18|Principals|Member|NULL
746|18|Principals|Contact|NULL
747|18|Principals|Contact|NULL
214|18|Principals|Contact|NULL
629|18|Principals|Contact|NULL
15|18|Principals|Member|NULL
2100|18|Principals|Member|
2101|18|Principals|Member|
186|17|Working Group|Contact|NULL
184|17|Working Group|Contact|NULL
188|17|Working Group|Contact|NULL
174|17|Working Group|Contact|NULL
637|17|Working Group|Contact|NULL
639|17|Working Group|Contact|NULL
484|17|Working Group|Contact|NULL
624|17|Working Group|Member|
749|17|Working Group|Info|NULL
743|17|Working Group|Info|NULL
1047|17|Working Group|Member|NULL
1019|17|Working Group|Member|NULL
189|17|Working Group|Contact|NULL
268|17|Working Group|Info|NULL
757|17|Working Group|Info|NULL
451|17|Working Group|Info|NULL
273|17|Working Group|Info|
1629|17|Working Group|Contact|
1337|17|Working Group|Member|NULL
1505|17|Working Group|Member|NULL
1536|17|Working Group|Contact|NULL
987|17|Working Group|Info|NULL
1727|17|Working Group|Contact|
187|17|Working Group|Contact|
1744|17|Working Group|Member|
1656|17|Working Group|Info|
1760|17|Working Group|Contact|
1641|17|Working Group|Info|
1763|17|Working Group|Member|
1764|17|Working Group|Info|
1756|17|Working Group|Info|
1199|17|Working Group|Info|NULL
1294|17|Working Group|Member|NULL
573|17|Working Group|Info|NULL
206|17|Working Group|Member|
1368|17|Working Group|Member|
1489|17|Working Group|Info|NULL
1768|17|Working Group|Member|
1796|17|Working Group|Info|
1794|17|Working Group|Info|
1868|17|Working Group|Info|
1556|17|Working Group|Info|
1899|17|Working Group|Info|
1900|17|Working Group|Contact|
1903|17|Working Group|Info|
1964|17|Working Group|Member|
1968|17|Working Group|Info|
1969|17|Working Group|Info|
1970|17|Working Group|Contact|
1971|17|Working Group|Info|
1972|17|Working Group|Contact|
1944|17|Working Group|Member|
1980|17|Working Group|Member|
2015|17|Working Group|Info|
2010|17|Working Group|Member|
1998|17|Working Group|Member|
1929|17|Working Group|Member|
1935|17|Working Group|Member|
1928|17|Working Group|Member|
1905|17|Working Group|Member|
1906|17|Working Group|Member|
1910|17|Working Group|Member|
1912|17|Working Group|Member|
1627|17|Working Group|Info|
1341|17|Working Group|Info|
336|17|Working Group|Info|
1780|17|Working Group|Info|
1957|17|Working Group|Info|
335|17|Working Group|Info|
416|17|Working Group|Info|
1949|17|Working Group|Info|
1962|17|Working Group|Info|
1963|17|Working Group|Member|
78|17|Working Group|Info|
1725|17|Working Group|Member|
1960|17|Working Group|Info|
2084|17|Working Group|Member|
2085|17|Working Group|Member|
67|17|Working Group|Focal Point|
2079|17|Working Group|Member|
2065|17|Working Group|Chair|
2061|17|Working Group|Contact|
2062|17|Working Group|Contact|
522|17|Working Group|Member|
2064|17|Working Group|Info|
1984|17|Working Group|Info|
476|17|Working Group|Focal Point|
2016|17|Working Group|Info|
2024|17|Working Group|Member|
848|17|Working Group|Member|
1212|17|Working Group|Contact|
919|17|Working Group|Member|
2027|17|Working Group|Info|
857|17|Working Group|Info|
2040|17|Working Group|Info|
2043|17|Working Group|Info|
2033|17|Working Group|Info|
2036|17|Working Group|Member|
2042|17|Working Group|Member|
564|17|Working Group|Member|
2046|17|Working Group|Info|
2047|17|Working Group|Member|
1528|16|Subsidiary Bodies Task Force South Asia Earthquake|NULL|NULL
420|16|Subsidiary Bodies Task Force South Asia Earthquake|Member|NULL
435|16|Subsidiary Bodies Task Force South Asia Earthquake|Member|NULL
222|16|Subsidiary Bodies Task Force South Asia Earthquake|Member|NULL
410|16|Subsidiary Bodies Task Force South Asia Earthquake|Member|NULL
411|16|Subsidiary Bodies Task Force South Asia Earthquake|Member|NULL
355|16|Subsidiary Bodies Task Force South Asia Earthquake|Member|NULL
223|16|Subsidiary Bodies Task Force South Asia Earthquake|Member|NULL
414|16|Subsidiary Bodies Task Force South Asia Earthquake|Member|NULL
415|16|Subsidiary Bodies Task Force South Asia Earthquake|Member|NULL
437|16|Subsidiary Bodies Task Force South Asia Earthquake|Member|NULL
438|16|Subsidiary Bodies Task Force South Asia Earthquake|Member|NULL
439|16|Subsidiary Bodies Task Force South Asia Earthquake|Member|NULL
440|16|Subsidiary Bodies Task Force South Asia Earthquake|Member|NULL
442|16|Subsidiary Bodies Task Force South Asia Earthquake|Member|NULL
443|16|Subsidiary Bodies Task Force South Asia Earthquake|Member|NULL
29|16|Subsidiary Bodies Task Force South Asia Earthquake|Co-Chair|NULL
366|16|Subsidiary Bodies Task Force South Asia Earthquake|Member|NULL
369|16|Subsidiary Bodies Task Force South Asia Earthquake|Co-Chair|NULL
660|14|Subsidiary Bodies Sub-Working Group Preparedness|NULL|NULL
419|14|Subsidiary Bodies Sub-Working Group Preparedness|Member|
1|14|Subsidiary Bodies Sub-Working Group Preparedness|Contact|
1997|14|Subsidiary Bodies Sub-Working Group Preparedness|Co-Chair|
31|13|Subsidiary Bodies Sub-Working Group Emergency Telecom|Chair|NULL
376|12|Subsidiary Bodies Sub-Working Group CAP|Member|NULL
905|12|Subsidiary Bodies Sub-Working Group CAP|Chair|NULL
1993|12|Subsidiary Bodies Sub-Working Group CAP|Contact|
496|7|Subsidiary Bodies Task Force Tsunami|Member|NULL
1640|7|Subsidiary Bodies Task Force Tsunami|Member|
36|5|Subsidiary Bodies Task Force Psychosocial Support|NULL|NULL
1373|5|Subsidiary Bodies Task Force Psychosocial Support|Co-Chair|NULL
1374|5|Subsidiary Bodies Task Force Psychosocial Support|Co-Chair|NULL
35|5|Subsidiary Bodies Task Force Psychosocial Support|Member|
497|4|Subsidiary Bodies Task Force Training|Member|NULL
34|4|Subsidiary Bodies Task Force Training|Chair|NULL
723|3|Subsidiary Bodies Task Force Human Rights|Member|NULL
163|2|Subsidiary Bodies Task Force HIV/AIDS|Member|NULL
1366|2|Subsidiary Bodies Task Force HIV/AIDS|NULL|NULL
309|1|Subsidiary Bodies Sub-Working Group Gender|Member|NULL
163|1|Subsidiary Bodies Sub-Working Group Gender|Member|GBV
355|1|Subsidiary Bodies Sub-Working Group Gender|Member|NULL
365|1|Subsidiary Bodies Sub-Working Group Gender|Member|NULL
71|1|Subsidiary Bodies Sub-Working Group Gender|Member|NULL
77|1|Subsidiary Bodies Sub-Working Group Gender|Member|NULL
306|1|Subsidiary Bodies Sub-Working Group Gender|Member|NULL
197|1|Subsidiary Bodies Sub-Working Group Gender|Member|NULL
35|1|Subsidiary Bodies Sub-Working Group Gender|Member|NULL
2050|1|Subsidiary Bodies Sub-Working Group Gender|Co-Chair|
2051|1|Subsidiary Bodies Sub-Working Group Gender|Co-Chair|
2090|1|Subsidiary Bodies Sub-Working Group Gender|Co-Chair|
2091|1|Subsidiary Bodies Sub-Working Group Gender|Co-Chair|
